strategy,avg_time_s
0,0.020079
1,0.013197
2,0.0113349
3,0.0112416
